variant	position	beta	Odds Ratio	direction	p value	p_adj	-log10(p)
chr18_26157915_C_T	26157915.0	1.0484931746499428	2.8533483794687635	Risk	6.979044520097097e-13	1.1285114988997006e-09	12.156204031252704
chr18_45877886_C_T	45877886.0	0.5298047600228302	1.6986006414917976	Risk	5.5171630842608637e-08	4.460626353624908e-05	7.2582841783500776
chr18_69861194_C_T	69861194.0	-0.36337234610756836	0.6953274828107365	Protective	0.0002029437529501781	0.109386682840146	3.6926243126690528
chr18_13929779_G_A	13929779.0	0.6757581169584024	1.965522507223902	Risk	0.00042736222377539934	0.17276117896120516	3.369203869469482
chr18_49668692_C_T	49668692.0	3.2919148892928267	26.894314013249737	Risk	0.0014704556074071977	0.3993400248389575	2.8325480821729667
chr18_3336078_AT_A	3336078.0	0.3724845294366992	1.4513360259836114	Risk	0.0014817811682336084	0.3993400248389575	2.8292159289112804
chr18_60687910_AAAG_A	60687910.0	0.3057961358443178	1.3577054908488948	Risk	0.00214320693901418	0.4508204389761938	2.6689358932918363
chr18_26844046_A_G	26844046.0	1.1103991687122001	3.035569857141254	Risk	0.002230404150778943	0.4508204389761938	2.651616435359921
chr18_33918472_C_CA	33918472.0	-1.6264084021733218	0.19663453957790364	Protective	0.003166776386798859	0.5259904980487216	2.499382602055298
chr18_66403305_G_T	66403305.0	0.8797250743964079	2.410236979464701	Risk	0.0037964157673452854	0.5259904980487216	2.420626231551365
chr18_70661913_C_T	70661913.0	-0.5978012633478716	0.5500196559254856	Protective	0.003841019829707817	0.5259904980487216	2.4155534507336904
chr18_78313022_G_A	78313022.0	0.4567927987248532	1.5790016791905717	Risk	0.004522330763822921	0.5259904980487216	2.3446376764776713
chr18_79198791_A_G	79198791.0	-0.28317262994918185	0.7533897190042445	Protective	0.00454646123187537	0.5259904980487216	2.342326507832912
chr18_45141132_G_T	45141132.0	0.9699625461209691	2.6378456599517035	Risk	0.0046720837825772734	0.5259904980487216	2.330489377799609
chr18_60928489_A_G	60928489.0	0.7073926241342553	2.028694786874787	Risk	0.004879318163717269	0.5259904980487216	2.311640862100557
chr18_48348785_C_G	48348785.0	-0.2662089954661523	0.7662789619358111	Protective	0.005563868446136519	0.548845685220896	2.2546231471545446
chr18_59856205_del_NZyavYbC13	59856205.0	0.30898687301237876	1.3620444908448983	Risk	0.005770177271957472	0.548845685220896	2.238810844201237
chr18_54000223_TA_T	54000223.0	-0.31785106290866616	0.7277111635278851	Protective	0.007988397565568545	0.7176243813069076	2.09754032935015
chr18_11648075_del_ecjE835Dxu	11648075.0	0.5463658582991203	1.7269655624687759	Risk	0.008476604518410433	0.7214036582247195	2.071778078666292
chr18_3838015_A_AG	3838015.0	-0.4244142858765947	0.6541528194898203	Protective	0.010012459109072546	0.7847356813658208	1.9994592445646764
chr18_45319573_C_A	45319573.0	0.7071129834880818	2.0281275606671443	Risk	0.010191372485270401	0.7847356813658208	1.9917673250572285
chr18_52656890_G_A	52656890.0	0.9860209747198565	2.6805472587960075	Risk	0.011945617987439603	0.8464670962596288	1.9227913778025538
chr18_38598556_C_T	38598556.0	0.7176282514170294	2.049566385312179	Risk	0.01206072251409318	0.8464670962596288	1.9186266744110623
chr18_5021569_A_G	5021569.0	-0.3752823866214711	0.6870952248939628	Protective	0.012577749603030536	0.8464670962596288	1.9003970554259295
chr18_4340858_A_C	4340858.0	-0.30251657903285856	0.7389562369776534	Protective	0.013086999014527347	0.8464670962596288	1.883159930290427
chr18_58131592_T_C	58131592.0	-0.34460535283759547	0.7084999057792881	Protective	0.014818316779233839	0.8704974504304477	1.8292011253045388
chr18_27043538_A_G	27043538.0	-0.7334581706547538	0.48024534480501613	Protective	0.015636111336040495	0.8704974504304477	1.80587124585965
chr18_42940094_T_G	42940094.0	0.5234500553812783	1.687840760253802	Risk	0.01675001602678753	0.8704974504304477	1.7759847730843266
chr18_68702085_T_TA	68702085.0	0.4641237786729662	1.5906198430688403	Risk	0.01704563560168236	0.8704974504304477	1.768386800058042
chr18_77233614_A_G	77233614.0	-0.413436432948106	0.6613735746125746	Protective	0.017525193776882296	0.8704974504304477	1.7563371713204798
chr18_72643186_G_A	72643186.0	0.2998787054401259	1.3496950869754558	Risk	0.01785504962187659	0.8704974504304477	1.7482389384996373
chr18_55390351_G_A	55390351.0	0.4564771282018388	1.5785033135684676	Risk	0.01841475506252986	0.8704974504304477	1.7348340533878976
chr18_4647208_ins_QPfxi5IAOb	4647208.0	0.3624931205176957	1.4369073357735325	Risk	0.01863001051547792	0.8704974504304477	1.7297868999715649
chr18_36024728_T_C	36024728.0	-0.3421920578838794	0.7102117898363585	Protective	0.018661681894729373	0.8704974504304477	1.729049217787613
chr18_50757557_A_G	50757557.0	-0.21241878792525062	0.8086259838487629	Protective	0.019404957202813797	0.8704974504304477	1.712087310749388
chr18_63871394_A_G	63871394.0	0.2369327334158616	1.2673558642080847	Risk	0.02010009902349687	0.8704974504304477	1.6968018030147183
chr18_50712698_G_T	50712698.0	-0.6454654769425465	0.5244183806208038	Protective	0.02011862189817477	0.8704974504304477	1.696401771256074
chr18_7332430_T_C	7332430.0	-1.5120567755410084	0.22045608266033168	Protective	0.02052639672688837	0.8704974504304477	1.687687281461042
chr18_12277947_CT_C	12277947.0	-0.237044632135825	0.7889560744371127	Protective	0.021905513807283904	0.8704974504304477	1.659446555722457
chr18_9112017_G_GT	9112017.0	-0.2112976632200277	0.809533062795839	Protective	0.02224941627123078	0.8704974504304477	1.6526813785486172
chr18_73294839_C_T	73294839.0	-0.7828497797324732	0.4571015147916692	Protective	0.022332550564300568	0.8704974504304477	1.6510616740291
chr18_67571675_T_A	67571675.0	0.2618397059613738	1.2993182527658356	Risk	0.022912903995499133	0.8704974504304477	1.6399198645733515
chr18_41680113_A_T	41680113.0	-0.48936095146755015	0.6130180173023213	Protective	0.024793213622741887	0.8704974504304477	1.6056671776222855
chr18_72119991_G_C	72119991.0	-0.36827098094901656	0.6919296565270264	Protective	0.024855556695725842	0.8704974504304477	1.6045765054208048
chr18_79060889_G_A	79060889.0	-0.23230311465027348	0.7927058061434983	Protective	0.0262591109177271	0.8704974504304477	1.580719982361608
chr18_58128102_G_A	58128102.0	-0.316822159733356	0.7284602931795979	Protective	0.02693514983073689	0.8704974504304477	1.5696806042843054
chr18_25072853_A_G	25072853.0	-0.22532961496520512	0.798253059236756	Protective	0.027095799847831725	0.8704974504304477	1.5670980244127055
chr18_60969475_T_C	60969475.0	0.3531598256152004	1.4235586463891508	Risk	0.0275495726418898	0.8704974504304477	1.5598851336800215
chr18_15115443_T_G	15115443.0	-0.5202775556439047	0.5943555583346494	Protective	0.02860112262437791	0.8704974504304477	1.543616920017669
chr18_12897108_C_*	12897108.0	-0.27117224218358804	0.7624851529862476	Protective	0.029474899932013358	0.8704974504304477	1.5305476606704707
chr18_30586028_T_A	30586028.0	-0.9002252924725118	0.4064780729739998	Protective	0.030693779584303478	0.8704974504304477	1.5129496299279108
chr18_8824241_A_C	8824241.0	-0.3059932412353615	0.7363915965367634	Protective	0.032514686894809956	0.8704974504304477	1.4879204237416126
chr18_15338182_C_CAAAA	15338182.0	0.5064399698559352	1.6593732483775656	Risk	0.03278033663896307	0.8704974504304477	1.484386590738267
chr18_55390358_ATACTAT_*	55390358.0	0.4237666750901163	1.5277051005413849	Risk	0.03320184231655398	0.8704974504304477	1.4788378173286578
chr18_23413626_T_C	23413626.0	0.37587237337031826	1.4562612641932995	Risk	0.033631178845499314	0.8704974504304477	1.473257909458409
chr18_23953325_GT_G	23953325.0	-0.32350633216057223	0.7236073759097797	Protective	0.03367433513213008	0.8704974504304477	1.4727009702537552
chr18_24413877_G_A	24413877.0	-0.8083779586296004	0.4455802299416892	Protective	0.035061444875816264	0.8704974504304477	1.4551701906762158
chr18_63824841_CA_C	63824841.0	0.2150877871566935	1.2399707456943794	Risk	0.03513920033741986	0.8704974504304477	1.4542081259652981
chr18_5251412_TAA_T	5251412.0	-0.20607320902625964	0.8137734985367092	Protective	0.035540664252317396	0.8704974504304477	1.4492744595239595
chr18_40611905_T_A	40611905.0	0.21204465619721405	1.2362030879748118	Risk	0.03591028311847299	0.8704974504304477	1.4447811708609544
chr18_8799296_G_A	8799296.0	0.2225434010105302	1.2492500371881154	Risk	0.037141117503746615	0.8704974504304477	1.4301450333261971
chr18_8037290_A_C	8037290.0	-0.335732743795655	0.7148141187984204	Protective	0.03899279697458419	0.8704974504304477	1.4090156115147339
chr18_22022608_G_A	22022608.0	0.2133901899837831	1.2378675605476628	Risk	0.039984966345650935	0.8704974504304477	1.3981032651813998
chr18_80062261_G_GT	80062261.0	0.2635313962491863	1.3015181570885619	Risk	0.04026326035994725	0.8704974504304477	1.395091060569985
chr18_26877451_C_A	26877451.0	0.2780651069356559	1.3205721728177453	Risk	0.041315151721118944	0.8704974504304477	1.3838906480503723
chr18_31347800_G_A	31347800.0	-0.4334427461856883	0.6482734076784319	Protective	0.04147175853790854	0.8704974504304477	1.3822475487421435
chr18_62517378_T_G	62517378.0	-0.19504400102377292	0.8227984532851974	Protective	0.04147544669886868	0.8704974504304477	1.3822089278398517
chr18_2893174_C_A	2893174.0	0.23796821263021864	1.268668864537622	Risk	0.041647760254961266	0.8704974504304477	1.3804083492407717
chr18_62391314_A_G	62391314.0	-0.207014959454073	0.813007487748427	Protective	0.04218067242002028	0.8704974504304477	1.3748865012684943
chr18_62539000_T_TAATC	62539000.0	-0.1887171291306864	0.8280206965046645	Protective	0.04244021705526089	0.8704974504304477	1.3722224036194006
chr18_43880814_C_T	43880814.0	-0.3839902509337589	0.6811380676073185	Protective	0.04333000096802318	0.8704974504304477	1.3632113012631761
chr18_11615444_G_GCA	11615444.0	0.22271561355679736	1.2494651922436122	Risk	0.04382205095729062	0.8704974504304477	1.3583073004724857
chr18_67584822_T_A	67584822.0	0.21143659282659438	1.2354516266495745	Risk	0.04387110453481888	0.8704974504304477	1.3578214313042347
chr18_5216957_C_T	5216957.0	-0.2542184128966844	0.7755223994535857	Protective	0.043972673773776116	0.8704974504304477	1.3568171261498556
chr18_25138328_C_G	25138328.0	-0.18799030112844958	0.8286227438992642	Protective	0.0457971114477661	0.8704974504304477	1.33916191330305
chr18_40754936_G_GA	40754936.0	0.2836742667216075	1.328000286406292	Risk	0.04603297980574933	0.8704974504304477	1.3369309114560601
chr18_25541564_del_s369fIv0k7	25541564.0	-0.810407172719002	0.4446769690259682	Protective	0.046283410881576864	0.8704974504304477	1.3345746429687257
chr18_50378443_A_G	50378443.0	0.7921723877838238	2.2081882607120775	Risk	0.04630042727407794	0.8704974504304477	1.3344150011652414
chr18_27058537_T_A	27058537.0	0.5399661900906166	1.715948845129128	Risk	0.04675536513410183	0.8704974504304477	1.3301685470493336
chr18_64804288_A_C	64804288.0	-0.20530535920336207	0.8143985943325747	Protective	0.04728141118935105	0.8704974504304477	1.325309569719823
chr18_32111733_G_A	32111733.0	-0.8255658087063292	0.43798710542573016	Protective	0.04750051479094414	0.8704974504304477	1.323301683645557
chr18_4367190_A_ATAGT	4367190.0	0.25877727518153715	1.2953452671575165	Risk	0.047557693876351725	0.8704974504304477	1.3227792129485823
chr18_3685704_C_T	3685704.0	-0.3356757752394886	0.7148548418866524	Protective	0.048465397678668774	0.8704974504304477	1.3145682193458879
chr18_67892549_C_T	67892549.0	0.21336085581513722	1.2378312492644636	Risk	0.04895779030178315	0.8704974504304477	1.3101781921982578
chr18_32198173_C_T	32198173.0	0.2964484284557561	1.3450731907069604	Risk	0.05052675248661331	0.8704974504304477	1.2964786143378126
chr18_15311399_A_T	15311399.0	0.721671040963786	2.057869122671579	Risk	0.05053028178146621	0.8704974504304477	1.2964482799174264
chr18_25984945_T_C	25984945.0	-0.22645697139246582	0.7973536505921603	Protective	0.05063137812269104	0.8704974504304477	1.2955802515004853
chr18_40601316_T_C	40601316.0	0.19626144991982428	1.216845007778297	Risk	0.05162860246224673	0.8704974504304477	1.2871096307371876
chr18_80096657_A_G	80096657.0	-0.19158512313730036	0.8256493402529393	Protective	0.05165572408380851	0.8704974504304477	1.2868815463559622
chr18_71079448_A_T	71079448.0	0.5667762945901852	1.7625758576687993	Risk	0.05188260652037037	0.8704974504304477	1.2849782136022552
chr18_33484546_A_G	33484546.0	0.5408678756151931	1.7174967891381696	Risk	0.052671998995812826	0.8704974504304477	1.2784201990836301
chr18_37771762_C_T	37771762.0	0.1809041140912365	1.19830027367366	Risk	0.05426275383317106	0.8704974504304477	1.2654981695828649
chr18_36533015_T_C	36533015.0	-0.174529078798096	0.8398524319748274	Protective	0.05611121427399346	0.8704974504304477	1.2509503328508333
chr18_78772648_A_G	78772648.0	0.18399434643716134	1.2020090274435224	Risk	0.057259093747330084	0.8704974504304477	1.24215552993734
chr18_53279964_G_A	53279964.0	0.21077964065806093	1.2346402605678635	Risk	0.057726202496589565	0.8704974504304477	1.2386270115126667
chr18_13683563_CT_C	13683563.0	-0.2459766268487054	0.7819405011255265	Protective	0.05774228913952523	0.8704974504304477	1.2385060029118697
chr18_59679647_AATG_A	59679647.0	-0.3505294986325559	0.7043150571076733	Protective	0.057746074067545526	0.8704974504304477	1.238477536435966
chr18_28743828_C_T	28743828.0	-0.18367848938353112	0.832203323022649	Protective	0.058188103071158834	0.8704974504304477	1.2351658005511583
chr18_44323157_A_G	44323157.0	0.20366749475141274	1.2258904706659435	Risk	0.060127194381182476	0.8704974504304477	1.2209290604684535
chr18_29640074_A_G	29640074.0	0.32114255417147003	1.3787021066221534	Risk	0.06138408301387779	0.8704974504304477	1.2119442274809087
